-- MySQL Script generated by MySQL Workbench
-- Wed Oct  6 13:27:10 2021
-- Model: New Model    Version: 1.0
-- MySQL Workbench Forward Engineering

SET @OLD_UNIQUE_CHECKS=@@UNIQUE_CHECKS, UNIQUE_CHECKS=0;
SET @OLD_FOREIGN_KEY_CHECKS=@@FOREIGN_KEY_CHECKS, FOREIGN_KEY_CHECKS=0;
SET @OLD_SQL_MODE=@@SQL_MODE, SQL_MODE='ONLY_FULL_GROUP_BY,STRICT_TRANS_TABLES,NO_ZERO_IN_DATE,NO_ZERO_DATE,ERROR_FOR_DIVISION_BY_ZERO,NO_ENGINE_SUBSTITUTION';

-- -----------------------------------------------------
-- Schema kjc18b
-- -----------------------------------------------------
DROP SCHEMA IF EXISTS `kjc18b` ;

-- -----------------------------------------------------
-- Schema kjc18b
-- -----------------------------------------------------
CREATE SCHEMA IF NOT EXISTS `kjc18b` DEFAULT CHARACTER SET utf8mb4 ;
SHOW WARNINGS;
USE `kjc18b` ;

-- -----------------------------------------------------
-- Table `kjc18b`.`customer`
-- -----------------------------------------------------
DROP TABLE IF EXISTS `kjc18b`.`customer` ;

SHOW WARNINGS;
CREATE TABLE IF NOT EXISTS `kjc18b`.`customer` (
  `cus_id` SMALLINT UNSIGNED NOT NULL AUTO_INCREMENT,
  `cus_fname` VARCHAR(15) NOT NULL,
  `cus_lname` VARCHAR(30) NOT NULL,
  `cus_street` VARCHAR(30) NOT NULL,
  `cus_city` VARCHAR(30) NOT NULL,
  `cus_state` CHAR(2) NOT NULL,
  `cus_zip` INT UNSIGNED NOT NULL,
  `cus_phone` BIGINT UNSIGNED NOT NULL,
  `cus_email` VARCHAR(100) NOT NULL,
  `cus_balance` DECIMAL(8,2) NOT NULL,
  `cus_total_sales` DECIMAL(8,2) NOT NULL,
  `cus_notes` VARCHAR(255) NULL,
  PRIMARY KEY (`cus_id`))
ENGINE = InnoDB;

SHOW WARNINGS;

-- -----------------------------------------------------
-- Table `kjc18b`.`petstore`
-- -----------------------------------------------------
DROP TABLE IF EXISTS `kjc18b`.`petstore` ;

SHOW WARNINGS;
CREATE TABLE IF NOT EXISTS `kjc18b`.`petstore` (
  `pst_id` SMALLINT UNSIGNED NOT NULL,
  `pst_name` VARCHAR(30) NOT NULL,
  `pst_street` VARCHAR(30) NOT NULL,
  `pst_city` VARCHAR(30) NOT NULL,
  `pst_state` CHAR(2) NOT NULL,
  `pst_zip` INT(9) UNSIGNED NOT NULL,
  `pst_phone` BIGINT UNSIGNED NOT NULL,
  `pst_email` VARCHAR(100) NOT NULL,
  `pst_url` VARCHAR(100) NOT NULL,
  `pst_ytd_sales` DECIMAL(10,2) NOT NULL,
  `pst_notes` VARCHAR(255) NULL,
  PRIMARY KEY (`pst_id`))
ENGINE = InnoDB;

SHOW WARNINGS;

-- -----------------------------------------------------
-- Table `kjc18b`.`pet`
-- -----------------------------------------------------
DROP TABLE IF EXISTS `kjc18b`.`pet` ;

SHOW WARNINGS;
CREATE TABLE IF NOT EXISTS `kjc18b`.`pet` (
  `pet_id` SMALLINT UNSIGNED NOT NULL AUTO_INCREMENT,
  `pst_id` SMALLINT UNSIGNED NOT NULL,
  `cus_id` SMALLINT UNSIGNED NULL,
  `pet_type` VARCHAR(45) NOT NULL,
  `pet_sex` ENUM('m', 'f') NOT NULL,
  `pet_cost` DECIMAL(6,2) NOT NULL,
  `pet_price` DECIMAL(6,2) NOT NULL,
  `pet_age` TINYINT NOT NULL,
  `pet_color` VARCHAR(30) NOT NULL,
  `pet_sale_date` DATE NULL,
  `pet_vaccine` ENUM('y', 'n') NOT NULL,
  `pet_neuter` ENUM('y', 'n') NOT NULL,
  `pet_notes` VARCHAR(255) NULL,
  PRIMARY KEY (`pet_id`),
  INDEX `fk_pet_customer_idx` (`cus_id` ASC),
  INDEX `fk_pet_petstore1_idx` (`pst_id` ASC),
  CONSTRAINT `fk_pet_customer`
    FOREIGN KEY (`cus_id`)
    REFERENCES `kjc18b`.`customer` (`cus_id`)
    ON DELETE CASCADE
    ON UPDATE CASCADE,
  CONSTRAINT `fk_pet_petstore1`
    FOREIGN KEY (`pst_id`)
    REFERENCES `kjc18b`.`petstore` (`pst_id`)
    ON DELETE CASCADE
    ON UPDATE CASCADE)
ENGINE = InnoDB;

SHOW WARNINGS;

SET SQL_MODE=@OLD_SQL_MODE;
SET FOREIGN_KEY_CHECKS=@OLD_FOREIGN_KEY_CHECKS;
SET UNIQUE_CHECKS=@OLD_UNIQUE_CHECKS;

-- -----------------------------------------------------
-- Data for table `kjc18b`.`customer`
-- -----------------------------------------------------
START TRANSACTION;
USE `kjc18b`;
INSERT INTO `kjc18b`.`customer` (`cus_id`, `cus_fname`, `cus_lname`, `cus_street`, `cus_city`, `cus_state`, `cus_zip`, `cus_phone`, `cus_email`, `cus_balance`, `cus_total_sales`, `cus_notes`) VALUES (DEFAULT, 'Billy', 'Bob', '502 Shady Dr.', 'Minneapolis', 'MN', 104011238, 6124567890, 'bbob@aol.com', 139.52, 987.61, 'notes1');
INSERT INTO `kjc18b`.`customer` (`cus_id`, `cus_fname`, `cus_lname`, `cus_street`, `cus_city`, `cus_state`, `cus_zip`, `cus_phone`, `cus_email`, `cus_balance`, `cus_total_sales`, `cus_notes`) VALUES (DEFAULT, 'Bobby', 'Sue', '19567 Rutherford Cir.', 'Charleston', 'WV', 158349012, 3016731278, 'sbobby@hotmail.com', 49.87, 1356.89, 'notes2');
INSERT INTO `kjc18b`.`customer` (`cus_id`, `cus_fname`, `cus_lname`, `cus_street`, `cus_city`, `cus_state`, `cus_zip`, `cus_phone`, `cus_email`, `cus_balance`, `cus_total_sales`, `cus_notes`) VALUES (DEFAULT, 'Stevie', 'Ray', '8624 Baldwin Dr.', 'Panama City Beach', 'FL', 324059134, 8509980123, 'sray@fsu.edu', 9.34, 567.63, 'notes3');
INSERT INTO `kjc18b`.`customer` (`cus_id`, `cus_fname`, `cus_lname`, `cus_street`, `cus_city`, `cus_state`, `cus_zip`, `cus_phone`, `cus_email`, `cus_balance`, `cus_total_sales`, `cus_notes`) VALUES (DEFAULT, 'Felicia', 'Fuller', '7831 Tempest Ln.', 'Sturgis', 'SD', 505287541, 5052875412, 'ffuler@msn.com', 0.0, 784.29, 'notes4');
INSERT INTO `kjc18b`.`customer` (`cus_id`, `cus_fname`, `cus_lname`, `cus_street`, `cus_city`, `cus_state`, `cus_zip`, `cus_phone`, `cus_email`, `cus_balance`, `cus_total_sales`, `cus_notes`) VALUES (DEFAULT, 'Victoria', 'Vals', '63178 Northshore Dr.', 'Laramie', 'WY', 707123654, 7071236547, 'vvalis@yahoo.com', 1189.32, 19456.78, 'notes5');
INSERT INTO `kjc18b`.`customer` (`cus_id`, `cus_fname`, `cus_lname`, `cus_street`, `cus_city`, `cus_state`, `cus_zip`, `cus_phone`, `cus_email`, `cus_balance`, `cus_total_sales`, `cus_notes`) VALUES (DEFAULT, 'Kelly', 'Curran', '56 Pineapple Ave.', 'Melbourne', 'FL', 859683827, 3214748867, 'kjc18b@my.fsu.edu', 67.43, 123.45, 'notes6');
INSERT INTO `kjc18b`.`customer` (`cus_id`, `cus_fname`, `cus_lname`, `cus_street`, `cus_city`, `cus_state`, `cus_zip`, `cus_phone`, `cus_email`, `cus_balance`, `cus_total_sales`, `cus_notes`) VALUES (DEFAULT, 'Chris', 'Curran', '9876 Lake Dr.', 'Tampa', 'FL', 123456789, 3215574736, 'ccurran@yahoo.com', 143.09, 321.65, 'notes7');
INSERT INTO `kjc18b`.`customer` (`cus_id`, `cus_fname`, `cus_lname`, `cus_street`, `cus_city`, `cus_state`, `cus_zip`, `cus_phone`, `cus_email`, `cus_balance`, `cus_total_sales`, `cus_notes`) VALUES (DEFAULT, 'Dani', 'Obrien', '121 Perry Cir.', 'Buffalo', 'NY', 987654321, 7164489058, 'dobrien@gmail.com', 0.0, 9876.44, 'notes8');
INSERT INTO `kjc18b`.`customer` (`cus_id`, `cus_fname`, `cus_lname`, `cus_street`, `cus_city`, `cus_state`, `cus_zip`, `cus_phone`, `cus_email`, `cus_balance`, `cus_total_sales`, `cus_notes`) VALUES (DEFAULT, 'Will', 'Ritchie', '636 Pickle Ln.', 'Perry', 'NY', 998765432, 4857766453, 'writchie2@aol.com', 21.09, 1234.12, 'notes9');
INSERT INTO `kjc18b`.`customer` (`cus_id`, `cus_fname`, `cus_lname`, `cus_street`, `cus_city`, `cus_state`, `cus_zip`, `cus_phone`, `cus_email`, `cus_balance`, `cus_total_sales`, `cus_notes`) VALUES (DEFAULT, 'Olivia', 'Lee', '9 Oakly Cir.', 'Orlando', 'FL', 999999999, 3214655574, 'olivel@yahoo.com', 788.43, 3213.43, 'notes10');

COMMIT;


-- -----------------------------------------------------
-- Data for table `kjc18b`.`petstore`
-- -----------------------------------------------------
START TRANSACTION;
USE `kjc18b`;
INSERT INTO `kjc18b`.`petstore` (`pst_id`, `pst_name`, `pst_street`, `pst_city`, `pst_state`, `pst_zip`, `pst_phone`, `pst_email`, `pst_url`, `pst_ytd_sales`, `pst_notes`) VALUES (1, 'Claws and Paws', '123 Main St.', 'L.A.', 'CA', 126489383, 8185551234, 'clawspaws@aol.com', 'http://www.clawspaws.com', 50000, 'notes1');
INSERT INTO `kjc18b`.`petstore` (`pst_id`, `pst_name`, `pst_street`, `pst_city`, `pst_state`, `pst_zip`, `pst_phone`, `pst_email`, `pst_url`, `pst_ytd_sales`, `pst_notes`) VALUES (2, 'Furry Friends', '1435 Chase Dr.', 'Chicago', 'IL', 618959031, 8471234567, 'furryfriends@hotmail.com', 'http://www.furryfriends.com', 65000, 'notes2');
INSERT INTO `kjc18b`.`petstore` (`pst_id`, `pst_name`, `pst_street`, `pst_city`, `pst_state`, `pst_zip`, `pst_phone`, `pst_email`, `pst_url`, `pst_ytd_sales`, `pst_notes`) VALUES (3, 'Pet Partners', '811 4th St.', 'NY', 'NY', 101256728, 2129876543, 'petpartners@yahoo.com', 'http://www.petpartners.com', 87000, 'notes3');
INSERT INTO `kjc18b`.`petstore` (`pst_id`, `pst_name`, `pst_street`, `pst_city`, `pst_state`, `pst_zip`, `pst_phone`, `pst_email`, `pst_url`, `pst_ytd_sales`, `pst_notes`) VALUES (4, 'Pet Palace', '18903 Tennessee St.', 'Tallahassee', 'FL', 100036790, 8504445123, 'petpalace@gmail.com', 'http://www.petpalace.com', 34000, 'notes4');
INSERT INTO `kjc18b`.`petstore` (`pst_id`, `pst_name`, `pst_street`, `pst_city`, `pst_state`, `pst_zip`, `pst_phone`, `pst_email`, `pst_url`, `pst_ytd_sales`, `pst_notes`) VALUES (5, 'Purrs and Grrs', '751 Lois Lane', 'Phoenix', 'AZ', 852122156, 4809130015, 'pursandgrrs@msn.com', 'http://www.purrsandgrrs.com', 97500, 'notes5');
INSERT INTO `kjc18b`.`petstore` (`pst_id`, `pst_name`, `pst_street`, `pst_city`, `pst_state`, `pst_zip`, `pst_phone`, `pst_email`, `pst_url`, `pst_ytd_sales`, `pst_notes`) VALUES (6, 'Fuzzy Fido', '645 Penny Lane', 'Melbourne', 'FL', 123456789, 3216261833, 'fuzzyfido@yahoo.com', 'http://www.fuzzyfido.com', 58000, 'notes6');
INSERT INTO `kjc18b`.`petstore` (`pst_id`, `pst_name`, `pst_street`, `pst_city`, `pst_state`, `pst_zip`, `pst_phone`, `pst_email`, `pst_url`, `pst_ytd_sales`, `pst_notes`) VALUES (7, 'Al\'s Pets', '9 Oak St.', 'Palm Bay', 'FL', 987654321, 3214743854, 'alspets@aol.com', 'http://www.alspets.com', 34500, 'notes7');
INSERT INTO `kjc18b`.`petstore` (`pst_id`, `pst_name`, `pst_street`, `pst_city`, `pst_state`, `pst_zip`, `pst_phone`, `pst_email`, `pst_url`, `pst_ytd_sales`, `pst_notes`) VALUES (8, 'Kittys and More', '25 Kissing Bridge Dr.', 'Oakland', 'CA', 987654322, 4764403746, 'kittysandmore@yahoo.com', 'http://www.kittysandmore.com', 12345, 'notes8');
INSERT INTO `kjc18b`.`petstore` (`pst_id`, `pst_name`, `pst_street`, `pst_city`, `pst_state`, `pst_zip`, `pst_phone`, `pst_email`, `pst_url`, `pst_ytd_sales`, `pst_notes`) VALUES (9, 'Pet Plaza', '889 Pine Lane', 'Buffalo', 'NY', 223456789, 7168907564, 'petplaza223@gmail.com', 'http://www.petplaza.com', 54321, 'notes9');
INSERT INTO `kjc18b`.`petstore` (`pst_id`, `pst_name`, `pst_street`, `pst_city`, `pst_state`, `pst_zip`, `pst_phone`, `pst_email`, `pst_url`, `pst_ytd_sales`, `pst_notes`) VALUES (10, 'Pet Spot', '876 Kript Ave.', 'Tampa', 'FL', 123456781, 4056098867, 'petspot321@gmail.com', 'http://www.petspot.com', 23456, 'notes10');

COMMIT;


-- -----------------------------------------------------
-- Data for table `kjc18b`.`pet`
-- -----------------------------------------------------
START TRANSACTION;
USE `kjc18b`;
INSERT INTO `kjc18b`.`pet` (`pet_id`, `pst_id`, `cus_id`, `pet_type`, `pet_sex`, `pet_cost`, `pet_price`, `pet_age`, `pet_color`, `pet_sale_date`, `pet_vaccine`, `pet_neuter`, `pet_notes`) VALUES (DEFAULT, 1, 5, 'Doberman', 'm', 350, 525, 6, 'black/tan', '2009-07-05', 'y', 'y', 'notes1');
INSERT INTO `kjc18b`.`pet` (`pet_id`, `pst_id`, `cus_id`, `pet_type`, `pet_sex`, `pet_cost`, `pet_price`, `pet_age`, `pet_color`, `pet_sale_date`, `pet_vaccine`, `pet_neuter`, `pet_notes`) VALUES (DEFAULT, 5, NULL, 'Chiwawa', 'f', 175, 165, 78, 'white/brown', NULL, 'n', 'n', 'notes2');
INSERT INTO `kjc18b`.`pet` (`pet_id`, `pst_id`, `cus_id`, `pet_type`, `pet_sex`, `pet_cost`, `pet_price`, `pet_age`, `pet_color`, `pet_sale_date`, `pet_vaccine`, `pet_neuter`, `pet_notes`) VALUES (DEFAULT, 4, 5, 'American Bobtail', 'm', 195, 385, 104, 'black', '2011-12-24', 'y', 'y', 'notes3');
INSERT INTO `kjc18b`.`pet` (`pet_id`, `pst_id`, `cus_id`, `pet_type`, `pet_sex`, `pet_cost`, `pet_price`, `pet_age`, `pet_color`, `pet_sale_date`, `pet_vaccine`, `pet_neuter`, `pet_notes`) VALUES (DEFAULT, 3, 3, 'American Longhair', 'm', 165, 275, 7, 'white', '2005-08-01', 'n', 'y', 'notes4');
INSERT INTO `kjc18b`.`pet` (`pet_id`, `pst_id`, `cus_id`, `pet_type`, `pet_sex`, `pet_cost`, `pet_price`, `pet_age`, `pet_color`, `pet_sale_date`, `pet_vaccine`, `pet_neuter`, `pet_notes`) VALUES (DEFAULT, 5, NULL, 'British Shorthair', 'f', 155, 145, 28, 'grey', NULL, 'y', 'n', 'notes5');
INSERT INTO `kjc18b`.`pet` (`pet_id`, `pst_id`, `cus_id`, `pet_type`, `pet_sex`, `pet_cost`, `pet_price`, `pet_age`, `pet_color`, `pet_sale_date`, `pet_vaccine`, `pet_neuter`, `pet_notes`) VALUES (DEFAULT, 2, 5, 'Rose-Ringed Parakeet', 'f', 18, 32, 2, 'green/yellow', '2010-11-12', 'n', 'n', 'notes6');
INSERT INTO `kjc18b`.`pet` (`pet_id`, `pst_id`, `cus_id`, `pet_type`, `pet_sex`, `pet_cost`, `pet_price`, `pet_age`, `pet_color`, `pet_sale_date`, `pet_vaccine`, `pet_neuter`, `pet_notes`) VALUES (DEFAULT, 1, 4, 'African Grey Parrot', 'm', 1295, 1800, 6, 'grey/blue', '2007-09-19', 'n', 'n', 'notes7');
INSERT INTO `kjc18b`.`pet` (`pet_id`, `pst_id`, `cus_id`, `pet_type`, `pet_sex`, `pet_cost`, `pet_price`, `pet_age`, `pet_color`, `pet_sale_date`, `pet_vaccine`, `pet_neuter`, `pet_notes`) VALUES (DEFAULT, 3, 1, 'Pitbull', 'm', 300, 495, 8, 'black/white', '2001-05-27', 'n', 'y', 'notes8');
INSERT INTO `kjc18b`.`pet` (`pet_id`, `pst_id`, `cus_id`, `pet_type`, `pet_sex`, `pet_cost`, `pet_price`, `pet_age`, `pet_color`, `pet_sale_date`, `pet_vaccine`, `pet_neuter`, `pet_notes`) VALUES (DEFAULT, 5, 2, 'Boa Constrictor', 'f', 450, 735, 80, 'grey/green', '2006-10-31', 'n', 'n', 'notes9');
INSERT INTO `kjc18b`.`pet` (`pet_id`, `pst_id`, `cus_id`, `pet_type`, `pet_sex`, `pet_cost`, `pet_price`, `pet_age`, `pet_color`, `pet_sale_date`, `pet_vaccine`, `pet_neuter`, `pet_notes`) VALUES (DEFAULT, 2, NULL, 'Giraffee', 'f', 1735, 2495, 6, 'yellow and black spots', NULL, 'n', 'n', 'notes10');

COMMIT;

